zip_code,drive_min,distance_mi
95605,84.3,73.1
94019,82.6,56.3
95431,65.3,41.4
95206,92.0,71.5
95472,78.7,51.4
95053,70.3,55.7
94559,54.3,36.9
95448,87.7,65.8
95032,87.6,67.4
95219,110.6,76.1
95404,65.1,49.9
94707,20.0,9.0
94158,32.7,19.2
95033,84.5,67.5
94018,70.3,44.3
94525,23.1,15.4
95419,83.0,60.9
94548,69.3,50.4
94562,64.3,48.4
95641,75.1,57.4
94062,78.8,55.2
94105,30.6,18.4
94939,28.2,11.6
94104,32.2,18.7
94121,46.4,24.4
94133,35.4,19.6
94513,67.8,52.3
94528,57.4,35.8
94551,61.9,50.8
94553,36.0,23.8
94188,38.7,22.1
94574,112.0,65.8
94576,74.6,57.6
94585,,
94599,59.8,45.6
94613,26.7,19.2
94709,21.3,10.3
95690,93.8,71.5
94941,60.0,24.9
94952,55.7,36.8
94963,44.2,20.1
95131,65.6,52.1
95135,133.2,90.2
95625,61.9,47.1
95444,74.6,56.3
95476,50.9,34.2
94129,44.5,23.2
94550,130.0,72.6
94552,38.4,31.6
94558,,
94612,23.0,14.3
95814,87.1,75.8
95363,128.9,96.4
95304,83.3,74.2
95639,97.0,87.3
94573,63.6,49.5
94586,61.6,48.5
94549,38.9,24.4
95818,88.7,75.7
95119,81.7,66.2
94945,39.0,23.9
95123,81.7,62.8
95242,92.3,73.5
94534,46.0,32.0
94303,69.2,48.6
94517,66.0,41.4
94706,15.3,7.9
94507,46.7,31.7
95680,86.6,68.3
94526,46.6,34.2
94109,35.2,20.0
94041,74.0,57.5
95831,91.4,80.2
94117,38.2,21.7
94950,65.6,31.7
94928,55.9,42.4
95117,74.2,59.7
94591,32.9,22.4
94401,53.4,36.2
94544,49.7,31.9
94803,24.5,13.2
94970,57.0,28.0
95116,70.2,56.0
94028,75.3,57.1
94587,45.3,33.6
94402,58.1,42.1
94074,90.2,62.2
94972,68.6,52.6
94021,,
95832,104.3,87.9
94539,66.0,47.3
95691,96.6,79.7
95138,93.8,69.5
94621,37.3,22.4
95694,79.7,60.1
95377,75.9,67.3
95002,,
95148,78.8,60.9
94957,29.3,13.9
95815,95.2,80.7
95112,69.1,54.8
95687,60.3,46.0
94608,19.8,11.6
94510,43.9,29.9
94938,55.3,25.7
94567,100.8,71.5
94933,47.3,21.5
94043,74.9,58.3
95758,102.5,87.8
94568,50.6,40.4
94086,76.0,57.1
94404,55.4,42.4
94589,35.6,22.9
94111,33.3,19.0
94964,16.6,8.5
94521,52.4,33.7
94947,50.4,26.2
94582,58.4,41.4
94536,57.3,40.3
94070,64.1,42.9
94931,53.1,39.1
94511,71.6,52.3
94575,41.8,25.4
94066,48.8,33.3
94503,47.0,33.4
95618,80.0,65.2
94306,75.5,51.4
94601,29.0,18.7
94519,48.9,31.3
94547,24.4,13.8
95612,107.3,80.7
95615,102.3,76.0
95620,78.1,59.0
95686,105.6,73.6
95607,106.2,81.1
94130,26.5,16.1
94005,45.7,25.7
94014,48.4,29.2
94020,95.6,67.5
94703,20.0,10.5
94112,39.3,24.9
94564,25.2,12.8
94607,21.5,13.1
94806,15.6,8.0
94920,41.4,16.5
94922,73.1,55.8
94708,23.6,10.2
94027,71.6,49.3
94566,57.8,44.6
94569,31.7,20.6
94063,64.5,45.4
95462,93.5,66.3
94571,79.4,60.5
94523,39.8,25.4
94577,37.8,23.4
94578,32.2,25.2
94580,39.2,26.5
94583,51.6,37.8
94530,19.5,8.6
94531,56.5,43.8
94533,51.0,38.3
94538,54.4,42.0
94590,29.7,19.5
94542,49.5,32.1
94592,37.0,27.1
94596,42.2,28.4
94597,40.4,27.9
94546,46.7,28.7
94598,55.8,32.3
94602,24.6,16.8
94603,32.0,23.2
94606,26.2,16.8
94555,58.7,38.0
94560,55.2,40.5
94609,23.1,13.9
94610,22.6,14.6
94561,63.2,47.4
94611,29.2,18.9
94702,18.1,10.0
94704,22.8,11.4
94710,15.5,8.4
94720,26.1,11.6
94804,8.9,3.3
94122,45.4,24.0
94124,41.5,22.6
94127,42.7,25.4
94128,51.8,31.7
94545,44.9,32.0
94305,76.1,56.0
94403,59.2,39.4
94518,46.4,31.3
94501,28.7,16.8
94502,39.9,22.7
94512,78.3,53.0
94514,69.2,58.0
94516,37.8,22.7
94520,36.4,26.6
94563,29.2,19.8
94505,75.7,58.9
94506,56.8,38.5
94509,49.5,39.7
94024,78.0,61.9
94025,72.8,48.5
94030,53.8,36.9
94037,66.3,41.0
94038,65.2,42.2
94044,51.9,34.5
94061,68.6,47.1
94065,65.7,42.5
94080,47.4,28.6
94089,67.8,54.2
94103,31.7,19.1
94107,33.2,19.6
94115,37.5,20.9
95130,79.8,61.6
95132,78.9,56.4
95133,70.3,54.9
95134,60.9,49.5
95136,76.1,60.0
95140,103.0,73.1
95111,75.3,61.9
95113,71.6,55.0
95118,80.8,62.3
95121,73.7,60.1
95122,73.7,58.0
95125,77.3,59.5
95126,71.4,56.0
95127,79.9,60.4
95128,71.0,57.0
95129,79.1,61.8
95030,82.1,64.9
95050,71.2,57.0
95051,76.8,58.7
95054,69.7,53.9
95688,62.8,47.5
95110,68.6,55.0
95695,86.0,72.0
94903,26.3,14.7
94923,85.9,58.9
94929,84.1,57.0
94930,36.6,16.4
95811,90.9,77.1
95816,91.4,77.9
95820,95.3,79.1
94937,82.0,39.9
95824,96.4,81.5
94946,49.4,25.4
94949,28.7,17.8
94951,56.7,39.0
94954,50.7,33.8
94960,34.0,14.9
94965,43.6,19.8
94971,68.9,51.0
94973,46.7,19.8
95492,70.0,56.6
95401,70.5,54.0
95403,65.7,52.7
95405,63.7,49.4
95407,59.5,45.2
95409,76.1,54.5
95439,68.2,53.5
95442,71.4,44.4
95446,95.8,67.4
95452,92.2,51.4
95465,95.0,64.5
95776,85.2,72.4
94304,75.0,57.6
94108,32.7,19.1
94541,38.7,28.5
95757,106.9,79.8
94565,65.5,41.6
94605,30.4,21.2
94705,28.6,14.2
94801,12.0,4.9
94805,14.6,8.3
94904,36.3,13.7
95833,86.9,75.3
95008,74.9,61.0
95035,66.6,50.1
94010,57.6,34.7
94102,33.8,19.8
94116,46.3,26.9
94301,70.4,47.3
95471,93.8,66.5
94110,35.6,21.2
94619,23.7,17.8
94002,63.8,45.6
94134,39.9,23.0
94940,70.9,44.2
94132,45.6,27.7
95014,86.7,67.0
95436,82.8,61.5
94588,62.9,42.1
94556,44.8,25.9
94572,25.4,14.8
94015,44.6,28.9
94618,25.2,15.3
94118,41.3,22.4
95391,78.6,63.5
95616,73.6,60.8
94131,40.3,22.2
94085,71.2,56.0
94060,108.2,72.5
94022,77.8,61.5
94040,76.0,58.5
94087,78.8,58.2
94114,37.7,21.3
94123,38.5,21.2
94508,81.7,61.6
94515,104.1,72.2
95070,88.8,68.0
94535,64.3,44.7
94579,40.1,26.7
94925,24.9,11.1
94595,41.4,27.4
94901,23.2,11.5
95822,98.0,81.0
94924,62.7,32.4
94956,67.1,32.2
95124,78.2,62.0
